"Date","Open","High","Low","Last","Volume","Turnover"
"2019-08-02",4.8315,4.863,4.778,4.817,397692.0,1915846.0
"2019-08-01",4.84,4.955,4.84,4.955,301645.0,1479520.0
"2019-07-31",4.894,4.927,4.8655,4.8845,229075.0,1120295.0
"2019-07-30",5.02,5.034,4.893,4.91,312514.0,1546016.0
"2019-07-29",5.04,5.078,5.02,5.026,276993.0,1395806.0
"2019-07-26",5.067,5.119,5.032,5.054,748860.0,3800840.0
"2019-07-24",4.6055,4.6755,4.5815,4.633,447263.0,2074256.0
"2019-07-23",4.5895,4.6395,4.589,4.605,322462.0,1486058.0
"2019-07-22",4.569,4.59,4.544,4.5815,252186.0,1153430.0
"2019-07-19",4.546,4.594,4.4865,4.585,202294.0,924772.0
"2019-07-18",4.531,4.6,4.53,4.546,266648.0,1218175.0
"2019-07-17",4.5555,4.5555,4.486,4.532,356380.0,1612716.0
"2019-07-16",4.4945,4.6015,4.48,4.5875,288880.0,1317351.0
"2019-07-15",4.489,4.5265,4.47,4.5265,475762.0,2149658.0
"2019-07-12",4.4825,4.52,4.48,4.48,248117.0,1115108.0
"2019-07-05",4.49,4.501,4.459,4.459,194959.0,872482.6205
"2019-07-04",4.485,4.5285,4.4795,4.4975,194617.0,875508.3035
"2019-07-03",4.451,4.52,4.4235,4.4915,206538.0,927008.312
"2019-07-02",4.4295,4.4745,4.3995,4.443,216355.0,961627.5365
"2019-07-01",4.39,4.431,4.32,4.425,545435.0,2397891.849
"2019-06-28",4.34,4.404,4.34,4.3815,275185.0,1203759.3935
"2019-06-27",4.4035,4.4165,4.3335,4.3505,312833.0,1365502.7935
"2019-06-26",4.38,4.425,4.35,4.394,230006.0,1009765.1445
"2019-06-25",4.402,4.408,4.31,4.362,470276.0,2047907.478
"2019-06-24",4.504,4.537,4.4005,4.42,512387.0,2274478.936
"2019-06-21",4.5075,4.549,4.405,4.525,3484624.0,15603019.4585
"2019-06-20",4.4885,4.557,4.46,4.5445,826578.0,3741470.3765
"2019-06-19",4.435,4.5,4.394,4.464,266908.0,1189032.428
"2019-06-18",4.402,4.484,4.3655,4.4435,275949.0,1225100.8105
"2019-06-17",4.4,4.4305,4.3795,4.3965,311124.0,1368842.1685
"2019-06-14",4.4535,4.4535,4.3675,4.3985,417846.0,1839334.9395
"2019-06-13",4.492,4.5295,4.4495,4.4615,345152.0,1543439.8555
"2019-06-12",4.4985,4.53,4.462,4.4685,190707.0,854768.9375
"2019-06-11",4.4015,4.5435,4.4,4.5225,433898.0,1949015.8895
"2019-06-10",4.4785,4.48,4.3645,4.38,405522.0,1787321.141
"2019-06-07",4.4205,4.464,4.385,4.444,219181.0,972289.719
"2019-06-06",4.4305,4.5,4.405,4.411,301308.0,1341035.462
"2019-06-05",4.4805,4.5,4.3965,4.416,399800.0,1782251.502
"2019-06-04",4.421,4.492,4.39,4.453,276494.0,1228736.8645
"2019-06-03",4.4615,4.49,4.35,4.436,600591.0,2649323.8675
"2019-05-31",4.497,4.506,4.4375,4.4935,610381.0,2732738.6595
"2019-05-30",4.484,4.5725,4.4645,4.56,800826.0,3626031.88
"2019-05-29",4.45,4.474,4.378,4.4095,364770.0,1614009.3415
"2019-05-28",4.538,4.58,4.4905,4.506,269678.0,1218964.026
"2019-05-27",4.525,4.567,4.525,4.561,195107.0,887772.421
"2019-05-24",4.4255,4.56,4.4255,4.4885,537794.0,2415883.8885
"2019-05-23",4.564,4.564,4.41,4.418,450929.0,2003931.982
"2019-05-22",4.54,4.586,4.5095,4.574,433839.0,1975851.902
"2019-05-21",4.584,4.627,4.557,4.57,776918.0,3567195.273
"2019-05-20",4.5,4.6,4.4835,4.506,1299881.0,5903236.436
"2019-05-17",4.4305,4.459,4.357,4.4365,363107.0,1603705.571
"2019-05-16",4.28,4.428,4.237,4.4125,784859.0,3414496.102
"2019-05-15",4.266,4.267,4.17,4.249,812708.0,3420225.9815
"2019-05-14",4.2775,4.3145,4.26,4.2745,538696.0,2309997.32
"2019-05-13",4.346,4.346,4.2335,4.2515,939731.0,4003274.824
"2019-05-10",4.4005,4.41,4.31,4.32,756971.0,3291766.8055
"2019-05-09",4.41,4.4285,4.3505,4.362,389123.0,1706507.561
"2019-05-08",4.479,4.516,4.42,4.441,356823.0,1586644.2115
"2019-05-07",4.569,4.582,4.435,4.479,543915.0,2447053.68
"2019-05-06",4.475,4.5625,4.46,4.5625,538895.0,2434083.955
"2019-05-03",4.618,4.618,4.54,4.5955,497918.0,2279877.5785
"2019-05-02",4.67,4.67,4.596,4.6075,235749.0,1090353.7535
"2019-04-30",4.734,4.7425,4.6305,4.6575,617759.0,2884252.96
"2019-04-29",4.804,4.804,4.745,4.745,524462.0,2506757.9025
"2019-04-26",4.714,4.844,4.6995,4.7655,1238863.0,5893580.978
"2019-04-25",4.7165,4.813,4.6,4.689,2179696.0,10229115.4595
"2019-04-24",5.144,5.178,5.114,5.178,290386.0,1495071.678
"2019-04-23",5.125,5.144,5.092,5.108,366998.0,1879116.369
"2019-04-18",5.082,5.147,5.067,5.137,407585.0,2088013.89
"2019-04-17",5.082,5.11,5.027,5.075,516617.0,2623971.68
"2019-04-16",5.001,5.048,4.9755,5.016,429682.0,2154013.795
"2019-04-15",5.111,5.149,4.96,4.9855,985609.0,4957472.6465
"2019-04-12",5.184,5.22,5.166,5.2,319878.0,1661224.541
"2019-04-11",5.15,5.19,5.128,5.18,299351.0,1544595.296
"2019-04-10",5.181,5.216,5.155,5.155,160979.0,833636.948
"2019-04-09",5.234,5.258,5.18,5.197,213819.0,1113460.687
"2019-04-08",5.25,5.256,5.214,5.235,159824.0,837868.753
"2019-04-05",5.247,5.273,5.23,5.243,114023.0,599203.877
"2019-04-04",5.229,5.287,5.207,5.252,196963.0,1033533.468
"2019-04-03",5.17,5.262,5.17,5.262,273130.0,1429053.33
"2019-04-02",5.114,5.189,5.099,5.147,175277.0,902539.258
"2019-04-01",5.1,5.139,5.093,5.114,285750.0,1460797.209
"2019-03-29",5.05,5.094,5.032,5.086,421641.0,2136134.526
"2019-03-28",5.128,5.142,5.01,5.038,481169.0,2427839.504
"2019-03-27",5.15,5.19,5.11,5.138,358060.0,1841297.958
"2019-03-26",5.162,5.17,5.096,5.116,421139.0,2160345.598
"2019-03-25",5.16,5.226,5.128,5.162,440897.0,2284880.88
"2019-03-22",5.404,5.45,5.066,5.238,2576078.0,13436000.876
"2019-03-21",5.448,5.538,5.42,5.508,468630.0,2578802.99
"2019-03-20",5.546,5.554,5.458,5.458,483124.0,1763947.716
"2019-03-19",5.562,5.606,5.562,5.598,268940.0,1504023.05
"2019-03-18",5.6,5.62,5.544,5.544,341007.0,1901436.104
"2019-03-15",5.466,5.61,5.466,5.596,892814.0,4969014.25
"2019-03-14",5.39,5.476,5.374,5.46,202076.0,1099653.2
"2019-03-13",5.416,5.432,5.38,5.394,154324.0,833835.012
"2019-03-12",5.422,5.45,5.392,5.436,149694.0,812977.754
"2019-03-11",5.368,5.432,5.318,5.41,297718.0,1606687.482
"2019-03-08",5.314,5.358,5.26,5.354,255993.0,1359223.224
"2019-03-07",5.33,5.376,5.308,5.358,199591.0,1067097.214
"2019-03-06",5.372,5.4,5.332,5.336,126586.0,677565.856
"2019-03-05",5.33,5.408,5.33,5.38,222719.0,1196393.2
"2019-03-04",5.354,5.382,5.326,5.328,209910.0,1124397.318
"2019-03-01",5.346,5.392,5.316,5.336,309508.0,1653778.698
"2019-02-28",5.326,5.358,5.286,5.326,341403.0,1816556.4
"2019-02-27",5.352,5.374,5.312,5.346,218220.0,1168058.35
"2019-02-26",5.368,5.416,5.32,5.41,191715.0,1029812.108
"2019-02-25",5.476,5.504,5.398,5.414,365749.0,1996477.762
"2019-02-22",5.408,5.474,5.38,5.458,196685.0,1068393.092
"2019-02-21",5.344,5.404,5.31,5.4,197538.0,1057445.754
"2019-02-20",5.384,5.406,5.302,5.348,408456.0,2184462.456
"2019-02-19",5.522,5.544,5.372,5.396,236084.0,1281423.77
"2019-02-18",5.546,5.574,5.542,5.544,185137.0,1027653.55
"2019-02-15",5.5,5.574,5.494,5.56,343815.0,1908377.312
"2019-02-14",5.6,5.604,5.536,5.544,228459.0,1273458.574
"2019-02-13",5.454,5.59,5.448,5.56,481155.0,2663543.35
"2019-02-12",5.49,5.51,5.42,5.424,263993.0,1441395.316
"2019-02-11",5.4,5.486,5.4,5.464,347071.0,1890836.718
"2019-02-08",5.226,5.41,5.202,5.398,666977.0,3529847.278
"2019-02-07",5.28,5.302,5.226,5.234,308763.0,1622040.092
"2019-02-06",5.272,5.356,5.266,5.316,292028.0,1552135.0
"2019-02-05",5.298,5.312,5.24,5.302,542702.0,2869472.402
"2019-02-04",5.352,5.398,5.228,5.266,505076.0,2669826.092
"2019-02-01",5.468,5.468,5.354,5.396,560507.0,3031213.57
"2019-01-31",5.32,5.604,5.27,5.494,1668916.0,9115759.0
"2019-01-30",5.706,5.73,5.594,5.65,492511.0,2785309.834
"2019-01-29",5.628,5.702,5.588,5.688,486196.0,2753863.774
"2019-01-28",5.736,5.736,5.598,5.616,755816.0,4272932.564
"2019-01-25",5.482,5.762,5.482,5.762,1686126.0,9530663.95
"2019-01-24",5.324,5.442,5.32,5.422,402058.0,2168356.268
"2019-01-23",5.21,5.36,5.2,5.318,253132.0,1340577.576
"2019-01-22",5.3,5.338,5.238,5.278,212869.0,1123995.56
"2019-01-21",5.328,5.366,5.294,5.346,350157.0,1869000.01
"2019-01-18",5.234,5.344,5.234,5.302,713690.0,3792305.522
"2019-01-17",5.176,5.244,5.176,5.22,217218.0,1133028.738
"2019-01-16",5.28,5.28,5.162,5.168,174403.0,908269.67
"2019-01-15",5.244,5.3,5.194,5.256,255607.0,1340122.586
"2019-01-14",5.216,5.284,5.206,5.226,282103.0,1477814.55
"2019-01-11",5.32,5.324,5.204,5.254,296325.0,1560953.53
"2019-01-10",5.326,5.326,5.238,5.324,586089.0,3102206.09
"2019-01-09",5.332,5.366,5.3,5.332,663629.0,3541949.164
"2019-01-08",5.232,5.324,5.204,5.26,846477.0,4458304.934
"2019-01-07",5.186,5.214,5.13,5.204,625221.0,3244297.648
"2019-01-04",4.946,5.118,4.924,5.108,848733.0,4292567.792
"2019-01-03",4.972,5.0,4.874,4.911,475825.0,2343431.041
"2019-01-02",4.998,5.038,4.945,5.016,454838.0,2278245.493
"2018-12-31",5.0,5.064,4.998,5.064,177987.0,896655.08
"2018-12-28",4.878,5.036,4.878,5.032,523586.0,2604526.083
"2018-12-27",4.98,5.014,4.808,4.857,852059.0,4165223.084
"2018-12-24",4.936,4.974,4.93,4.95,125769.0,622889.06
"2018-12-21",5.03,5.054,4.966,5.01,677024.0,3389537.399
"2018-12-20",5.036,5.1,5.03,5.05,564831.0,2862039.69
"2018-12-19",5.102,5.158,5.092,5.13,622608.0,3195116.802
"2018-12-18",5.186,5.186,5.086,5.116,686144.0,3518503.384
"2018-12-17",5.202,5.25,5.184,5.222,436811.0,2276290.008
"2018-12-14",5.254,5.296,5.176,5.28,469915.0,2466322.772
"2018-12-13",5.28,5.298,5.198,5.282,533667.0,2807939.864
"2018-12-12",5.15,5.274,5.15,5.274,948951.0,4969910.85
"2018-12-11",5.01,5.16,5.01,5.134,909171.0,4643378.808
"2018-12-10",4.882,4.97,4.854,4.953,986767.0,4865196.836
"2018-12-07",4.907,5.036,4.9,4.9,1030234.0,5103540.55
"2018-12-06",4.75,4.846,4.711,4.805,3851077.0,18437453.532
"2018-12-05",4.82,4.836,4.742,4.77,518900.0,2481761.675
"2018-12-04",4.928,4.954,4.85,4.86,294617.0,1439514.239
"2018-12-03",4.934,4.98,4.934,4.949,481409.0,2388882.464
"2018-11-30",4.837,4.872,4.82,4.82,888786.0,4293432.812
"2018-11-29",4.857,4.89,4.833,4.841,524126.0,2546842.286
"2018-11-28",4.828,4.901,4.797,4.822,429922.0,2081893.342
"2018-11-27",4.89,4.945,4.826,4.868,326364.0,1592880.945
"2018-11-26",4.877,4.925,4.877,4.888,246097.0,1205205.239
"2018-11-23",4.817,4.877,4.806,4.869,301275.0,1459079.665
"2018-11-22",4.87,4.875,4.776,4.803,330979.0,1591730.019
"2018-11-21",4.894,4.926,4.871,4.899,342066.0,1672874.439
"2018-11-20",4.984,4.993,4.837,4.877,521792.0,2556786.315
"2018-11-19",5.114,5.134,5.028,5.038,443859.0,2250362.962
"2018-11-16",5.034,5.13,5.034,5.108,281045.0,1430274.592
"2018-11-15",5.11,5.136,4.992,5.076,551942.0,2790234.199
"2018-11-14",5.162,5.188,5.12,5.12,294207.0,1513094.116
"2018-11-13",5.118,5.21,5.118,5.188,429300.0,2217652.094
"2018-11-12",5.17,5.232,5.106,5.118,617615.0,3194723.328
"2018-11-09",5.188,5.214,5.134,5.142,524160.0,2706479.934
"2018-11-08",5.222,5.23,5.174,5.202,245340.0,1277012.986
"2018-11-07",5.158,5.238,5.158,5.216,706786.0,3673817.682
"2018-11-06",5.12,5.15,5.09,5.116,228165.0,1168350.06
"2018-11-05",5.08,5.168,5.08,5.11,403418.0,2070547.564
"2018-11-02",5.09,5.14,5.062,5.084,671593.0,3424431.926
"2018-11-01",4.955,5.06,4.955,5.026,458737.0,2304155.816
"2018-10-31",4.929,5.044,4.907,5.016,611417.0,3054704.364
"2018-10-30",4.908,4.938,4.829,4.9,212595.0,1040190.783
"2018-10-29",4.89,4.962,4.89,4.9,339853.0,1673328.682
"2018-10-26",4.701,4.91,4.695,4.856,1599263.0,7739649.952
"2018-10-25",4.635,4.742,4.535,4.706,992533.0,4613615.798
"2018-10-24",4.764,4.81,4.652,4.68,588433.0,2771948.768
"2018-10-23",4.796,4.852,4.738,4.779,615294.0,2948753.408
"2018-10-22",4.9,4.935,4.841,4.858,440063.0,2148960.706
"2018-10-19",4.848,4.9,4.755,4.853,632061.0,3051256.28
"2018-10-18",4.804,4.916,4.768,4.832,1163917.0,5644907.841
"2018-10-17",4.703,4.764,4.691,4.74,274910.0,1300214.685
"2018-10-16",4.568,4.69,4.568,4.674,459356.0,2134040.439
"2018-10-15",4.515,4.558,4.48,4.544,128113.0,579800.248
"2018-10-12",4.492,4.543,4.464,4.505,356606.0,1607672.133
"2018-10-11",4.399,4.52,4.388,4.456,437967.0,1952357.738
"2018-10-10",4.625,4.625,4.488,4.499,507125.0,2297720.361
"2018-10-09",4.63,4.664,4.576,4.63,154747.0,715237.126
"2018-10-08",4.65,4.66,4.613,4.626,389551.0,1809046.818
"2018-10-05",4.73,4.782,4.657,4.658,244915.0,1151215.926
"2018-10-04",4.725,4.796,4.688,4.76,313478.0,1485972.277
"2018-10-03",4.751,4.795,4.71,4.747,315409.0,1499218.405
"2018-10-02",4.795,4.801,4.705,4.754,508895.0,2416301.333
"2018-10-01",4.789,4.85,4.789,4.827,262289.0,1266167.264
"2018-09-28",4.846,4.872,4.774,4.784,312676.0,1504950.857
"2018-09-27",4.714,4.862,4.67,4.845,387041.0,1860199.483
"2018-09-26",4.738,4.755,4.71,4.741,246367.0,1165636.836
"2018-09-25",4.722,4.757,4.678,4.745,191504.0,905743.175
"2018-09-24",4.718,4.761,4.686,4.697,241122.0,1136823.085
"2018-09-21",4.712,4.784,4.684,4.764,612980.0,2910241.37
"2018-09-20",4.709,4.747,4.66,4.682,255017.0,1198600.286
"2018-09-19",4.847,4.847,4.595,4.685,1398894.0,6561732.288
"2018-09-18",4.74,4.842,4.732,4.819,428225.0,2055970.666
"2018-09-17",4.716,4.747,4.696,4.729,178902.0,845617.733
"2018-09-14",4.722,4.756,4.673,4.756,234528.0,1112295.532
"2018-09-13",4.588,4.768,4.585,4.693,357097.0,1677503.343
"2018-09-12",4.624,4.64,4.54,4.584,224243.0,1026410.361
"2018-09-11",4.645,4.669,4.59,4.64,110041.0,509060.83
"2018-09-10",4.636,4.71,4.615,4.657,155392.0,724542.384
"2018-09-07",4.66,4.66,4.605,4.652,343151.0,1589844.13
"2018-09-06",4.645,4.706,4.645,4.648,250403.0,1170987.316
"2018-09-05",4.75,4.768,4.625,4.626,438262.0,2048334.536
"2018-09-04",4.808,4.86,4.735,4.761,326456.0,1564587.779
"2018-09-03",4.798,4.828,4.76,4.804,149630.0,717528.693
"2018-08-31",4.823,4.9,4.781,4.781,403806.0,1939760.248
"2018-08-30",4.869,4.876,4.81,4.85,209965.0,1014958.961
"2018-08-29",4.928,4.937,4.868,4.892,161478.0,791610.235
"2018-08-28",4.868,4.948,4.86,4.926,317422.0,1561132.724
"2018-08-27",4.836,4.903,4.822,4.903,304851.0,1485806.112
"2018-08-24",4.74,4.815,4.74,4.811,173339.0,829679.584
"2018-08-23",4.696,4.764,4.691,4.732,198612.0,940027.277
"2018-08-22",4.646,4.706,4.639,4.706,135035.0,632986.472
"2018-08-21",4.6,4.652,4.595,4.648,196176.0,910595.784
"2018-08-20",4.59,4.633,4.583,4.616,126462.0,583500.313
"2018-08-17",4.58,4.611,4.55,4.595,152431.0,699108.035
"2018-08-16",4.534,4.58,4.531,4.559,202662.0,923238.079
"2018-08-15",4.583,4.611,4.492,4.5,339387.0,1532876.618
"2018-08-14",4.56,4.593,4.557,4.567,153688.0,702508.882
"2018-08-13",4.573,4.581,4.54,4.567,103212.0,471369.644
"2018-08-10",4.649,4.654,4.566,4.566,292124.0,1340181.339
"2018-08-09",4.675,4.678,4.65,4.661,89196.0,415862.309
"2018-08-08",4.669,4.712,4.656,4.665,377109.0,1762746.299
"2018-08-07",4.636,4.685,4.636,4.658,268290.0,1250671.864
"2018-08-06",4.647,4.662,4.623,4.629,209988.0,973986.664
"2018-08-03",4.62,4.656,4.6,4.638,330769.0,1532712.107
"2018-08-02",4.652,4.663,4.585,4.605,335478.0,1547690.649
"2018-08-01",4.644,4.697,4.643,4.659,361052.0,1685376.25
"2018-07-31",4.726,4.726,4.64,4.665,702945.0,3278435.632
"2018-07-30",4.67,4.817,4.624,4.729,934863.0,4417946.887
"2018-07-27",4.76,4.778,4.679,4.686,676110.0,3191480.635
"2018-07-26",4.8,4.844,4.58,4.81,1367489.0,6476150.529
"2018-07-25",5.026,5.09,5.026,5.066,477397.0,2420791.824
"2018-07-24",5.086,5.1,5.04,5.04,410981.0,2080463.144
"2018-07-23",5.108,5.128,5.05,5.068,76167.0,386419.05
"2018-07-20",5.104,5.18,5.076,5.126,337088.0,1727620.28
"2018-07-19",5.15,5.22,5.106,5.112,261262.0,1341822.508
"2018-07-18",5.022,5.256,5.022,5.166,973277.0,5033915.758
"2018-07-17",4.98,4.98,4.925,4.965,240761.0,1192191.801
"2018-07-16",4.96,5.008,4.947,5.008,216843.0,1082908.112
"2018-07-13",5.026,5.07,4.986,4.989,313085.0,1567819.82
"2018-07-12",4.98,5.036,4.927,5.018,384275.0,1914820.33
"2018-07-11",5.05,5.05,4.969,4.983,385196.0,1923410.777
"2018-07-10",4.97,5.072,4.942,5.058,541284.0,2720146.973
"2018-07-09",4.904,4.962,4.904,4.954,325155.0,1609323.813
"2018-07-06",4.87,4.911,4.86,4.904,272968.0,1335640.171
"2018-07-05",4.803,4.861,4.792,4.842,257297.0,1244383.024
"2018-07-04",4.85,4.864,4.794,4.816,357615.0,1723077.882
"2018-07-03",4.841,4.903,4.835,4.867,186451.0,906272.646
"2018-07-02",4.901,4.902,4.812,4.836,304768.0,1474646.146
"2018-06-29",4.928,4.963,4.885,4.938,606763.0,2995391.783
"2018-06-28",4.95,4.95,4.846,4.878,450934.0,2202237.715
"2018-06-27",4.93,5.034,4.893,4.999,542294.0,2696203.914
"2018-06-26",4.98,5.002,4.939,4.98,250714.0,1245188.749
"2018-06-25",5.09,5.09,4.937,4.946,287356.0,1431945.009
"2018-06-22",5.028,5.114,5.028,5.084,789374.0,4003769.548
"2018-06-21",5.126,5.15,5.034,5.07,468619.0,2382897.276
"2018-06-20",5.064,5.134,5.064,5.13,446574.0,2282957.502
"2018-06-19",5.116,5.162,5.08,5.126,549635.0,2809339.926
"2018-06-18",5.226,5.226,5.118,5.174,867758.0,4480730.596
"2018-06-15",5.242,5.308,5.218,5.226,655318.0,3441243.282
"2018-06-14",5.108,5.244,5.108,5.228,976332.0,5069085.134
"2018-06-13",5.024,5.168,5.024,5.136,753338.0,3844977.086
"2018-06-12",4.988,5.026,4.976,5.006,521094.0,2603439.09
"2018-06-11",4.947,4.982,4.924,4.971,469267.0,2326127.355
"2018-06-08",4.949,4.98,4.92,4.943,222192.0,1098757.324
"2018-06-07",4.98,5.006,4.927,4.961,466566.0,2313245.464
"2018-06-06",5.014,5.016,4.939,4.982,902272.0,4487333.915
"2018-06-05",5.074,5.086,5.034,5.052,327706.0,1657557.186
"2018-06-04",5.018,5.086,5.018,5.068,534583.0,2701413.644
"2018-06-01",4.957,5.006,4.939,4.974,318394.0,1584665.645
"2018-05-31",4.958,5.018,4.905,4.949,969484.0,4808258.826
"2018-05-30",5.078,5.11,5.04,5.11,612269.0,3117426.338
"2018-05-29",5.098,5.104,4.977,5.084,977020.0,4928317.812
"2018-05-28",5.22,5.258,5.126,5.144,408596.0,2120455.182
"2018-05-25",5.2,5.224,5.124,5.176,640834.0,3311543.118
"2018-05-24",5.166,5.24,5.152,5.152,511223.0,2647622.26
"2018-05-23",5.252,5.252,5.126,5.162,627517.0,3244381.942
"2018-05-22",5.29,5.29,5.19,5.288,876171.0,4604651.318
"2018-05-21",5.286,5.32,5.274,5.288,318042.0,1682546.332
"2018-05-18",5.226,5.338,5.226,5.276,744031.0,3933088.81
"2018-05-17",5.256,5.29,5.222,5.262,485227.0,2552594.758
"2018-05-16",5.256,5.292,5.218,5.254,487919.0,2561244.346
"2018-05-15",5.266,5.282,5.226,5.254,406471.0,2136267.606
"2018-05-14",5.218,5.316,5.136,5.286,918859.0,4788606.94
"2018-05-11",5.342,5.386,5.306,5.334,395436.0,2111314.886
"2018-05-10",5.3,5.36,5.296,5.35,901549.0,4811332.604
"2018-05-09",5.27,5.358,5.258,5.298,720150.0,3821720.744
"2018-05-08",5.23,5.292,5.188,5.26,685130.0,3594694.602
"2018-05-07",5.05,5.242,5.05,5.23,806313.0,4180081.406
"2018-05-04",4.904,5.088,4.9,5.086,1144145.0,5734455.119
"2018-05-03",4.858,4.928,4.849,4.85,340269.0,1659529.023
"2018-05-02",5.018,5.018,4.82,4.838,1037093.0,5094481.409
"2018-04-30",4.95,5.01,4.904,4.974,542952.0,2703255.726
"2018-04-27",4.881,5.014,4.837,4.949,794526.0,3940347.997
"2018-04-26",4.714,4.937,4.505,4.893,2849744.0,13353041.509
"2018-04-25",4.881,4.959,4.849,4.914,920500.0,4532011.699
"2018-04-24",4.853,4.897,4.839,4.87,269270.0,1312761.153
"2018-04-23",4.887,4.899,4.811,4.846,314965.0,1525271.842
"2018-04-20",4.908,4.984,4.852,4.882,1603440.0,7900789.318
"2018-04-19",4.751,4.782,4.723,4.767,494437.0,2351457.733
"2018-04-18",4.72,4.773,4.713,4.751,703621.0,3343212.856
"2018-04-17",4.554,4.777,4.536,4.753,1127193.0,5308165.741
"2018-04-16",4.524,4.55,4.496,4.52,288207.0,1300805.447
"2018-04-13",4.56,4.56,4.483,4.512,268938.0,1212482.974
"2018-04-12",4.546,4.573,4.52,4.53,382652.0,1740660.055
"2018-04-11",4.552,4.577,4.461,4.504,389174.0,1756308.489
"2018-04-10",4.459,4.503,4.458,4.485,226912.0,1018739.498
"2018-04-09",4.434,4.49,4.429,4.453,151680.0,674998.459
"2018-04-06",4.45,4.495,4.423,4.464,369435.0,1648181.381
"2018-04-05",4.467,4.506,4.461,4.481,418580.0,1876360.311
"2018-04-04",4.436,4.436,4.338,4.398,579725.0,2533503.103
"2018-04-03",4.425,4.455,4.405,4.445,387255.0,1717345.383
"2018-03-29",4.433,4.503,4.393,4.477,625710.0,2789937.87
"2018-03-28",4.403,4.452,4.356,4.434,710692.0,3134172.344
"2018-03-27",4.514,4.517,4.438,4.47,732853.0,3286968.992
"2018-03-26",4.48,4.513,4.399,4.416,898834.0,3749258.707
"2018-03-23",4.467,4.549,4.424,4.497,676269.0,3037829.112
"2018-03-22",4.645,4.645,4.479,4.537,1553177.0,7047750.365
"2018-03-21",4.665,4.686,4.62,4.651,445827.0,2074295.643
"2018-03-20",4.666,4.728,4.646,4.68,349988.0,1640696.355
"2018-03-19",4.68,4.71,4.64,4.664,705322.0,3289550.64
"2018-03-16",4.726,4.75,4.671,4.675,1327258.0,6238703.81
"2018-03-15",4.722,4.723,4.684,4.723,418777.0,1971375.981
"2018-03-14",4.78,4.78,4.704,4.709,774019.0,3666776.879
"2018-03-13",4.832,4.832,4.724,4.758,892230.0,4260951.528
"2018-03-12",4.824,4.842,4.793,4.821,513088.0,2472621.086
"2018-03-09",4.766,4.82,4.725,4.795,823498.0,3934945.012
"2018-03-08",4.776,4.827,4.74,4.779,742350.0,3550718.024
"2018-03-07",4.684,4.766,4.673,4.743,836123.0,3946543.184
"2018-03-06",4.762,4.774,4.698,4.708,723951.0,3427898.24
"2018-03-05",4.651,4.773,4.651,4.751,886802.0,4192332.527
"2018-03-02",4.713,4.74,4.622,4.653,1494881.0,6995437.105
"2018-03-01",4.78,4.825,4.724,4.756,1206402.0,5757099.152
"2018-02-28",4.818,4.863,4.776,4.786,1210100.0,5810050.221
"2018-02-27",4.811,4.856,4.783,4.849,1172992.0,5663058.496
"2018-02-26",4.742,4.88,4.742,4.79,1948766.0,9364527.204
"2018-02-23",4.65,4.681,4.644,4.678,737472.0,3440035.36
"2018-02-22",4.644,4.69,4.62,4.688,966282.0,4497686.722
"2018-02-21",4.648,4.698,4.635,4.686,752159.0,3510519.697
"2018-02-20",4.61,4.674,4.61,4.67,935913.0,4355716.72
"2018-02-19",4.655,4.663,4.601,4.61,744069.0,3445414.501
"2018-02-16",4.61,4.666,4.602,4.648,1527663.0,7098674.157
"2018-02-15",4.53,4.627,4.53,4.59,1802985.0,8267400.405
"2018-02-14",4.49,4.531,4.415,4.518,1492968.0,6704085.726
"2018-02-13",4.466,4.506,4.418,4.461,1231669.0,5485510.86
"2018-02-12",4.444,4.506,4.442,4.466,1359888.0,6090436.537
"2018-02-09",4.404,4.485,4.358,4.391,1943605.0,8553908.516
"2018-02-08",4.5,4.561,4.424,4.432,1561119.0,6971261.894
"2018-02-07",4.425,4.551,4.418,4.507,2592674.0,11648185.986
"2018-02-06",4.272,4.475,4.224,4.368,4412542.0,19311401.131
"2018-02-05",4.382,4.485,4.33,4.41,2857897.0,12604469.394
"2018-02-02",4.458,4.505,4.32,4.391,4079359.0,17934312.067
"2018-02-01",3.905,4.493,3.89,4.328,10637834.0,44945576.208
"2018-01-31",3.95,3.95,3.85,3.853,2974514.0,11525567.11
"2018-01-30",3.98,4.032,3.948,3.989,1328883.0,5287088.894
"2018-01-29",3.909,4.022,3.895,3.99,2446716.0,9745959.427
"2018-01-26",3.893,3.902,3.845,3.874,2167439.0,8389275.502
"2018-01-25",3.985,3.99,3.865,3.882,2400537.0,9401736.639
"2018-01-24",4.008,4.01,3.954,3.974,1804238.0,7163265.016
"2018-01-23",4.011,4.026,3.997,4.015,1259426.0,5048976.743
"2018-01-22",3.977,4.018,3.975,3.981,1063795.0,4247137.108
"2018-01-19",3.957,4.013,3.957,3.975,1075293.0,4284323.283
"2018-01-18",4.03,4.052,3.933,3.97,1986721.0,7885112.584
"2018-01-17",4.038,4.084,4.002,4.036,1123302.0,4548328.41
"2018-01-16",4.028,4.104,4.027,4.027,1555858.0,6315143.625
"2018-01-15",4.0,4.05,4.0,4.028,1116054.0,4493869.25
"2018-01-12",4.001,4.008,3.97,3.989,1409895.0,5617537.093
"2018-01-11",4.052,4.062,3.987,3.987,982775.0,3944121.676
"2018-01-09",4.079,4.118,4.068,4.104,1190652.0,4879597.342
"2018-01-08",4.07,4.124,4.045,4.062,1151392.0,4700286.532
"2018-01-05",4.009,4.066,3.98,4.066,1291859.0,5207649.05
"2018-01-04",4.009,4.068,3.992,4.047,1417201.0,5720155.0
"2018-01-03",3.943,4.005,3.937,3.984,1909660.0,7596915.008
"2018-01-02",3.919,3.976,3.892,3.913,1726175.0,6762732.934
"2017-12-29",3.932,3.968,3.882,3.894,1141862.0,4468797.12
"2017-12-28",3.97,3.975,3.921,3.922,1514319.0,5954244.736
"2017-12-27",3.95,4.035,3.945,4.003,1929397.0,7672271.261
"2017-12-22",4.024,4.074,4.011,4.034,1592579.0,6439521.38
"2017-12-21",3.94,4.048,3.924,4.017,2526500.0,10095052.213
"2017-12-20",3.939,3.952,3.868,3.868,1177241.0,4592737.61
"2017-12-19",3.966,3.999,3.945,3.945,1060923.0,4218188.488
"2017-12-18",3.901,4.003,3.901,3.977,1812374.0,7176284.501
"2017-12-15",3.93,3.936,3.889,3.916,2289021.0,8953657.664
"2017-12-14",3.97,3.994,3.901,3.904,2102380.0,8251125.773
"2017-12-13",3.878,3.987,3.875,3.95,2098649.0,8280059.26
"2017-12-12",3.865,3.896,3.811,3.86,2455699.0,9472942.973
"2017-12-11",3.949,3.957,3.867,3.905,1714878.0,6690607.604
"2017-12-08",3.932,3.983,3.914,3.94,2418422.0,9517547.867
"2017-12-07",3.995,4.01,3.918,3.928,1794954.0,7104103.961
"2017-12-06",4.04,4.04,3.964,4.012,2280527.0,9114152.532
"2017-12-05",4.011,4.044,3.984,4.028,1178228.0,4739186.766
"2017-12-04",4.137,4.14,3.993,4.024,2434726.0,9836256.921
"2017-12-01",4.199,4.22,4.123,4.126,1527532.0,6343689.201
"2017-11-30",4.217,4.226,4.181,4.214,1440600.0,6057112.733
"2017-11-29",4.24,4.304,4.204,4.204,1511944.0,6433930.362
"2017-11-28",4.204,4.234,4.2,4.217,750360.0,3162569.945
"2017-11-27",4.249,4.259,4.189,4.208,1618487.0,6820549.36
"2017-11-24",4.234,4.295,4.232,4.256,1055500.0,4498189.093
"2017-11-23",4.256,4.281,4.221,4.224,933808.0,3958894.149
"2017-11-22",4.287,4.306,4.26,4.26,786296.0,3364524.73
"2017-11-21",4.3,4.321,4.241,4.293,1167286.0,5006345.719
"2017-11-20",4.185,4.296,4.172,4.281,2523913.0,10759159.965
"2017-11-17",4.176,4.223,4.168,4.189,1146687.0,4810950.933
"2017-11-16",4.145,4.181,4.145,4.172,1134674.0,4729958.121
"2017-11-15",4.08,4.129,4.037,4.1,1840440.0,7537663.683
"2017-11-14",4.17,4.178,4.084,4.095,1434096.0,5894026.596
"2017-11-13",4.215,4.218,4.141,4.17,2451208.0,10172185.234
"2017-11-10",4.257,4.261,4.206,4.206,1640605.0,6931366.179
"2017-11-09",4.35,4.357,4.24,4.276,1677624.0,7181204.614
"2017-11-08",4.41,4.43,4.328,4.348,1115951.0,4869380.728
"2017-11-07",4.441,4.463,4.298,4.368,2208292.0,9619524.602
"2017-11-06",4.35,4.466,4.343,4.429,2138467.0,9280190.504
"2017-11-03",4.352,4.356,4.256,4.309,1842260.0,7937298.888
"2017-11-01",4.25,4.324,4.217,4.285,1786541.0,7641661.34
"2017-10-31",4.188,4.245,4.188,4.221,2050685.0,8647895.99
"2017-10-30",4.26,4.287,4.158,4.165,3078675.0,12942981.16
"2017-10-27",4.228,4.385,4.171,4.236,5313225.0,22756673.02
"2017-10-26",4.606,4.632,4.185,4.191,14547078.0,62825464.555
"2017-10-25",5.11,5.127,5.066,5.096,1994653.0,10172051.9
"2017-10-24",5.181,5.195,5.11,5.11,1550236.0,7954870.729
"2017-10-23",5.199,5.225,5.151,5.165,1590130.0,8246150.956
"2017-10-20",4.988,5.194,4.988,5.176,4382725.0,22416923.344
"2017-10-19",5.004,5.013,4.885,4.962,3530017.0,17452049.605
"2017-10-18",4.995,5.036,4.98,4.988,2425846.0,12153210.197
"2017-10-17",4.99,5.016,4.98,5.001,2275663.0,11379921.02
"2017-10-16",5.031,5.065,4.984,4.989,2360371.0,11853808.614
"2017-10-13",4.939,5.057,4.939,5.004,3082373.0,15448779.679
"2017-10-12",4.96,4.968,4.867,4.942,3993836.0,19685551.805
"2017-10-11",5.033,5.035,4.969,4.98,2440877.0,12198409.299
"2017-10-10",5.076,5.092,5.014,5.02,2930173.0,14786222.255
"2017-10-09",5.071,5.089,5.04,5.089,2329090.0,11808247.143
"2017-10-06",5.091,5.095,5.04,5.045,2386610.0,12069743.949
"2017-10-05",5.047,5.087,5.016,5.082,2327806.0,11778268.704
"2017-10-04",5.121,5.121,5.049,5.05,2376527.0,12049445.553
"2017-10-03",5.113,5.138,5.093,5.118,1754007.0,8981373.004
"2017-10-02",5.089,5.113,5.072,5.106,2353709.0,11989274.05
"2017-09-29",5.03,5.077,4.983,5.062,3684983.0,18539952.221
"2017-09-28",5.012,5.046,5.012,5.027,2084118.0,10482813.474
"2017-09-27",5.054,5.062,4.992,5.008,2611325.0,13125030.497
"2017-09-26",5.054,5.087,5.019,5.062,3227671.0,16326035.127
"2017-09-25",5.04,5.081,5.014,5.038,3125470.0,15792393.655
"2017-09-22",5.07,5.094,5.011,5.044,4398902.0,22180350.353
"2017-09-21",5.186,5.192,5.111,5.111,2704410.0,13904504.096
"2017-09-20",5.21,5.24,5.166,5.166,2342186.0,12194101.415
"2017-09-19",5.216,5.26,5.205,5.225,3349803.0,17502952.664
"2017-09-18",5.216,5.264,5.214,5.214,5612467.0,29360500.953
"2017-09-15",5.079,5.222,5.064,5.177,111279664.0,576179227.459
"2017-09-14",5.064,5.09,5.041,5.059,5381198.0,27250075.326
"2017-09-13",5.105,5.121,5.044,5.076,4088268.0,20738560.0
"2017-09-12",5.124,5.153,5.093,5.094,4601780.0,23542534.401
"2017-09-11",5.08,5.13,5.049,5.085,5224785.0,26620811.707
"2017-09-08",5.12,5.123,4.973,4.989,7284856.0,36612552.623
"2017-09-07",5.199,5.248,5.158,5.172,2505746.0,13012561.622
"2017-09-06",5.106,5.167,5.103,5.162,2061474.0,10606388.928
"2017-09-05",5.185,5.222,5.139,5.147,2535408.0,13125805.005
"2017-09-04",5.181,5.203,5.165,5.165,2155258.0,11156687.413
"2017-09-01",5.208,5.28,5.208,5.241,2675753.0,14052085.931
"2017-08-31",5.199,5.232,5.169,5.2,3041308.0,15807140.955
"2017-08-30",5.2,5.2,5.148,5.156,2310771.0,11945166.907
"2017-08-29",5.133,5.16,5.092,5.135,3208415.0,16447575.514
"2017-08-28",5.215,5.23,5.143,5.207,1606508.0,8337002.864
"2017-08-25",5.246,5.285,5.228,5.232,1856780.0,9754551.047
"2017-08-24",5.31,5.31,5.226,5.232,1944462.0,10205333.888
"2017-08-23",5.279,5.329,5.248,5.276,2398393.0,12673796.059
"2017-08-22",5.243,5.297,5.232,5.297,2185520.0,11533593.059
"2017-08-21",5.241,5.254,5.19,5.236,3033958.0,15843778.715
"2017-08-18",5.307,5.33,5.228,5.261,4406881.0,23196753.714
"2017-08-17",5.4,5.436,5.336,5.356,2596567.0,13976350.99
"2017-08-16",5.421,5.456,5.403,5.428,1933401.0,10507107.011
"2017-08-15",5.395,5.429,5.382,5.392,1683748.0,9099997.188
"2017-08-14",5.299,5.385,5.299,5.382,2458360.0,13171575.956
"2017-08-11",5.313,5.33,5.254,5.286,3097360.0,16370613.171
"2017-08-10",5.4,5.443,5.349,5.356,3360733.0,18117827.012
"2017-08-09",5.46,5.47,5.387,5.412,3555304.0,19266978.219
"2017-08-08",5.5,5.547,5.491,5.518,1830451.0,10098181.311
"2017-08-07",5.569,5.572,5.495,5.529,1854693.0,10247615.005
"2017-08-04",5.499,5.585,5.491,5.567,3406781.0,18924279.643
"2017-08-03",5.481,5.54,5.442,5.495,2635981.0,14487543.662
"2017-08-02",5.549,5.566,5.497,5.506,2883620.0,15937773.223
"2017-08-01",5.465,5.52,5.443,5.504,4143973.0,22757370.152
"2017-07-31",5.405,5.447,5.368,5.4,3096935.0,16737841.528
"2017-07-28",5.434,5.449,5.355,5.386,4504710.0,24270681.967
"2017-07-27",5.4,5.635,5.397,5.478,7076122.0,39045871.901
"2017-07-26",5.295,5.348,5.288,5.311,4144436.0,22030377.33
"2017-07-25",5.29,5.333,5.249,5.274,4639654.0,24497767.859
"2017-07-24",5.318,5.37,5.284,5.336,3463906.0,18453094.761
"2017-07-21",5.366,5.409,5.276,5.306,4794078.0,25540297.059
"2017-07-20",5.43,5.473,5.342,5.387,3861317.0,20889001.672
"2017-07-19",5.362,5.431,5.346,5.431,3174024.0,17133328.209
"2017-07-18",5.391,5.41,5.295,5.321,6416490.0,34244894.912
"2017-07-17",5.503,5.528,5.469,5.503,2267174.0,12485968.265
"2017-07-14",5.551,5.558,5.474,5.479,2751374.0,15134869.792
"2017-07-13",5.57,5.591,5.509,5.523,2144862.0,11881462.022
"2017-07-12",5.431,5.562,5.426,5.541,4003162.0,22053852.266
"2017-07-11",5.492,5.511,5.402,5.413,2427486.0,13237571.861
"2017-07-10",5.48,5.494,5.443,5.473,1702974.0,9319538.816
"2017-07-07",5.413,5.478,5.378,5.476,1749469.0,9514293.729
"2017-07-06",5.491,5.51,5.38,5.411,2874000.0,15570950.499
"2017-07-05",5.435,5.528,5.42,5.467,3048770.0,16732848.911
"2017-07-04",5.441,5.441,5.403,5.416,1398439.0,7581278.064
"2017-07-03",5.414,5.475,5.397,5.45,2236449.0,12172202.527
"2017-06-30",5.4,5.511,5.354,5.367,3777081.0,20460541.191
"2017-06-29",5.613,5.645,5.393,5.402,5066714.0,27771465.882
"2017-06-28",5.537,5.613,5.464,5.571,4396117.0,24392146.167
"2017-06-27",5.675,5.675,5.556,5.578,4838872.0,27037215.591
"2017-06-26",5.708,5.777,5.678,5.694,3347237.0,19158304.73
"2017-06-23",5.686,5.743,5.607,5.699,3954331.0,22439640.981
"2017-06-22",5.729,5.761,5.686,5.752,3544810.0,20310913.322
"2017-06-21",5.731,5.751,5.666,5.728,2955898.0,16889382.471
"2017-06-20",5.808,5.83,5.771,5.771,2788062.0,16172130.763
"2017-06-19",5.763,5.795,5.741,5.765,2598229.0,14989187.282
"2017-06-16",5.703,5.756,5.667,5.715,4113647.0,23473862.898
"2017-06-15",5.696,5.705,5.614,5.684,4248126.0,24081208.898
"2017-06-14",5.78,5.805,5.69,5.694,2687422.0,15457971.745
"2017-06-13",5.691,5.777,5.688,5.741,2727891.0,15680725.297
"2017-06-12",5.68,5.759,5.612,5.699,4523582.0,25669129.214
"2017-06-09",5.823,5.875,5.79,5.81,2782508.0,16212055.926
"2017-06-08",5.815,5.871,5.781,5.793,2418642.0,14093087.558
"2017-06-07",5.73,5.879,5.719,5.816,3437434.0,20036894.093
"2017-06-06",5.756,5.784,5.706,5.768,3026215.0,17409556.872
"2017-06-05",5.824,5.846,5.743,5.8,2193911.0,12691487.279
"2017-06-02",5.83,5.891,5.819,5.828,3808806.0,22285405.353
"2017-06-01",5.648,5.84,5.636,5.793,3942936.0,22722313.546
"2017-05-31",5.688,5.735,5.634,5.636,3436102.0,19499206.395
"2017-05-30",5.659,5.686,5.626,5.645,2719139.0,15379931.2
"2017-05-29",5.74,5.74,5.664,5.693,1089869.0,6202212.697
"2017-05-26",5.71,5.758,5.655,5.749,2415057.0,13801701.964
"2017-05-25",5.82,5.825,5.621,5.694,3764583.0,21423677.099
"2017-05-24",5.772,5.813,5.708,5.718,4795469.0,27613967.819
"2017-05-23",5.693,5.927,5.678,5.83,7850328.0,46008383.297
"2017-05-22",5.555,5.57,5.504,5.513,2547695.0,14098293.393
"2017-05-19",5.54,5.555,5.515,5.54,5315170.0,29428259.09
"2017-05-18",5.521,5.55,5.35,5.538,5483352.0,30101807.051
"2017-05-17",5.635,5.65,5.518,5.534,3869681.0,21619067.971
"2017-05-16",5.677,5.685,5.635,5.666,2251706.0,12748731.991
"2017-05-15",5.657,5.689,5.639,5.677,1978069.0,11217713.725
"2017-05-12",5.606,5.65,5.601,5.65,3563637.0,20078247.976
"2017-05-11",5.638,5.668,5.564,5.598,3595959.0,20225933.711
"2017-05-10",5.678,5.678,5.585,5.619,3420366.0,19212438.958
"2017-05-09",5.62,5.681,5.614,5.675,3271939.0,18516098.817
"2017-05-08",5.634,5.643,5.538,5.599,3780962.0,21123659.166
"2017-05-05",5.507,5.609,5.484,5.604,3639343.0,20248517.421
"2017-05-04",5.404,5.504,5.384,5.504,5680345.0,31062101.076
"2017-05-03",5.35,5.39,5.307,5.385,3520235.0,18879994.031
"2017-05-02",5.27,5.385,5.263,5.35,4865458.0,25994160.564
"2017-04-28",5.25,5.313,5.232,5.245,4110904.0,21671140.62
"2017-04-27",5.057,5.324,5.057,5.204,7507831.0,39296153.76
"2017-04-26",4.97,5.006,4.936,4.974,2281677.0,11350827.34
"2017-04-25",4.959,5.005,4.94,4.962,2247862.0,11182114.975
"2017-04-24",4.96,5.016,4.927,4.936,5612972.0,27923927.717
"2017-04-21",4.887,4.898,4.825,4.842,3996698.0,19418390.137
"2017-04-20",4.823,4.943,4.817,4.923,5175647.0,25403002.417
"2017-04-19",4.867,4.895,4.818,4.857,2447480.0,11887032.219
"2017-04-18",4.972,4.981,4.853,4.871,3231832.0,15801141.088
"2017-04-13",4.989,4.989,4.925,4.965,3747400.0,18566732.78
"2017-04-12",4.953,5.005,4.953,4.982,1969962.0,9806334.892
"2017-04-11",4.966,4.98,4.893,4.93,2076016.0,10248681.936
"2017-04-10",4.96,5.022,4.931,5.016,2864965.0,14309138.786
"2017-04-07",4.893,4.961,4.885,4.961,2490079.0,12276941.348
"2017-04-06",4.846,4.949,4.802,4.937,2438449.0,11877732.231
"2017-04-05",4.961,4.97,4.871,4.894,1881452.0,9239439.271
"2017-04-04",4.978,4.994,4.933,4.974,2389466.0,11867585.459
"2017-04-03",5.05,5.059,4.952,4.961,2184194.0,10906526.443
"2017-03-31",4.982,5.034,4.959,5.034,2361172.0,11836295.097
"2017-03-30",4.97,4.994,4.93,4.978,1206596.0,5987809.935
"2017-03-29",5.001,5.005,4.942,4.981,1211177.0,6027245.022
"2017-03-28",4.99,5.024,4.947,4.974,1780101.0,8860447.951
"2017-03-27",4.932,5.045,4.911,5.032,2229698.0,11141683.996
"2017-03-24",4.98,4.988,4.939,4.955,1974216.0,9797482.85
"2017-03-23",4.988,5.002,4.88,4.995,1757577.0,8711244.66
"2017-03-22",4.981,4.981,4.894,4.966,2179809.0,10769878.66
"2017-03-21",5.141,5.165,4.998,5.029,2438262.0,12350382.31
"2017-03-20",5.082,5.164,5.055,5.151,2183925.0,11199775.47
"2017-03-17",5.033,5.1,5.018,5.088,4843116.0,24590549.34
"2017-03-16",5.03,5.069,5.001,5.06,2227216.0,11226331.64
"2017-03-15",4.99,5.006,4.974,4.99,973225.0,4855992.97
"2017-03-14",5.0,5.008,4.957,4.973,1046819.0,5214925.52
"2017-03-13",5.0,5.01,4.981,4.999,1484769.0,7419463.65
"2017-03-10",4.967,5.0,4.941,4.994,1385165.0,6906582.1
"2017-03-09",4.892,4.965,4.87,4.962,1444319.0,7128002.71
"2017-03-08",4.898,4.906,4.857,4.894,1489540.0,7277174.73
"2017-03-07",4.98,4.98,4.9,4.91,1423165.0,7013893.06
"2017-03-06",4.972,4.988,4.941,4.959,2070068.0,10267118.8
"2017-03-03",4.918,4.977,4.86,4.973,1853552.0,9167468.84
"2017-03-02",4.956,4.96,4.912,4.929,3030845.0,14942867.76
"2017-03-01",4.871,4.941,4.82,4.941,2949969.0,14437100.74
"2017-02-28",4.886,4.886,4.797,4.836,1588544.0,7668700.5
"2017-02-27",4.87,4.915,4.825,4.847,2019576.0,9818346.07
"2017-02-24",4.821,4.847,4.742,4.803,2422441.0,11629273.15
"2017-02-23",4.798,4.846,4.775,4.818,2391768.0,11516881.27
"2017-02-22",4.783,4.827,4.742,4.791,1796558.0,8597675.62
"2017-02-21",4.727,4.789,4.675,4.746,2238699.0,10610741.96
"2017-02-20",4.719,4.751,4.712,4.715,1215923.0,5746269.34
"2017-02-17",4.714,4.73,4.652,4.699,2863000.0,13397652.77
"2017-02-16",4.696,4.756,4.691,4.724,2575600.0,12172581.5
"2017-02-15",4.677,4.688,4.58,4.681,1825865.0,8528500.11
"2017-02-14",4.658,4.71,4.643,4.678,1929438.0,9012674.37
"2017-02-13",4.57,4.653,4.552,4.639,1979911.0,9150797.76
"2017-02-10",4.599,4.61,4.548,4.555,1566810.0,7160789.48
"2017-02-09",4.578,4.645,4.543,4.588,2013148.0,9245847.66
"2017-02-08",4.542,4.58,4.501,4.545,2089462.0,9494153.04
"2017-02-07",4.489,4.55,4.459,4.512,3173272.0,14334955.19
"2017-02-06",4.444,4.491,4.384,4.395,2888521.0,12775065.7
"2017-02-03",4.5,4.542,4.429,4.439,2825234.0,12641210.59
"2017-02-02",4.366,4.459,4.309,4.455,6017693.0,26469409.63
"2017-02-01",4.146,4.245,4.131,4.223,2089426.0,8793971.41
"2017-01-31",4.208,4.232,4.148,4.159,2923993.0,12216009.86
"2017-01-30",4.313,4.333,4.191,4.207,3133901.0,13279413.46
"2017-01-27",4.408,4.439,4.255,4.324,3573943.0,15404018.53
"2017-01-26",4.313,4.445,4.297,4.376,5541929.0,24282604.02
"2017-01-25",4.318,4.319,4.225,4.251,2711736.0,11551946.66
"2017-01-24",4.332,4.352,4.242,4.306,2573817.0,11054600.28
"2017-01-23",4.393,4.404,4.302,4.323,2504274.0,10876479.81
"2017-01-20",4.449,4.482,4.421,4.455,3223569.0,14339012.74
"2017-01-19",4.409,4.459,4.373,4.427,1242673.0,5485275.28
"2017-01-18",4.492,4.492,4.363,4.413,1221551.0,5376109.02
"2017-01-17",4.443,4.452,4.393,4.418,1987580.0,8791680.87
"2017-01-16",4.411,4.469,4.405,4.45,1492839.0,6625515.68
"2017-01-13",4.437,4.506,4.411,4.492,2200937.0,9846810.03
"2017-01-12",4.5,4.5,4.361,4.392,2541747.0,11186421.67
"2017-01-11",4.574,4.579,4.502,4.503,1214041.0,5493074.94
"2017-01-10",4.57,4.6,4.551,4.573,1411199.0,6450953.39
"2017-01-09",4.663,4.673,4.572,4.575,2060602.0,9462832.7
"2017-01-06",4.587,4.709,4.58,4.709,5571714.0,26037371.46
"2017-01-05",4.61,4.61,4.567,4.583,1213347.0,5563816.15
"2017-01-04",4.591,4.599,4.554,4.596,1792925.0,8221690.48
"2017-01-03",4.647,4.659,4.532,4.557,2091781.0,9572873.59
"2017-01-02",4.584,4.635,4.553,4.622,958496.0,4409361.16
"2016-12-30",4.61,4.61,4.544,4.566,1769270.0,8095468.09
"2016-12-29",4.593,4.63,4.565,4.611,875816.0,4036504.73
"2016-12-28",4.684,4.694,4.612,4.621,927660.0,4307822.39
"2016-12-27",4.666,4.694,4.647,4.677,1210787.0,5661042.46
"2016-12-23",4.505,4.661,4.5,4.661,1677721.0,7705008.06
"2016-12-22",4.604,4.605,4.481,4.503,3334930.0,15077838.12
"2016-12-21",4.7,4.745,4.693,4.745,1477463.0,6982579.48
"2016-12-20",4.709,4.731,4.66,4.695,2229739.0,10466078.8
"2016-12-19",4.716,4.72,4.665,4.683,2983501.0,14002157.94
"2016-12-16",4.54,4.7,4.54,4.7,6069508.0,28308153.99
"2016-12-15",4.473,4.547,4.472,4.51,2976592.0,13407367.78
"2016-12-14",4.45,4.476,4.425,4.466,2208293.0,9836302.17
"2016-12-13",4.36,4.449,4.353,4.447,2080158.0,9183899.9
"2016-12-12",4.361,4.363,4.309,4.357,1913394.0,8315733.79
"2016-12-09",4.312,4.36,4.298,4.34,1842582.0,7980595.98
"2016-12-08",4.351,4.353,4.257,4.298,2527048.0,10851246.27
"2016-12-07",4.287,4.319,4.239,4.307,3392461.0,14529891.63
"2016-12-06",4.153,4.254,4.122,4.253,6186266.0,26003568.71
"2016-12-05",3.931,4.13,3.931,4.113,2701467.0,10995788.34
"2016-12-02",3.975,3.991,3.934,3.934,1446800.0,5714948.66
"2016-12-01",4.053,4.063,3.995,4.01,1513111.0,6088948.66
"2016-11-30",4.029,4.068,3.996,4.068,1301077.0,5269603.83
"2016-11-29",4.014,4.029,3.951,4.029,1524665.0,6120209.69
"2016-11-28",4.09,4.099,3.996,4.015,1680339.0,6750398.2
"2016-11-25",4.05,4.119,4.042,4.078,1568932.0,6387647.01
"2016-11-24",3.935,4.045,3.918,4.041,1714587.0,6872550.71
"2016-11-23",3.915,3.94,3.866,3.931,1328792.0,5195494.58
"2016-11-22",3.931,3.931,3.887,3.909,2158833.0,8449693.77
"2016-11-21",3.927,3.937,3.874,3.899,1636494.0,6377309.13
"2016-11-18",3.881,3.943,3.849,3.899,4267441.0,16692982.55
"2016-11-17",3.86,3.912,3.827,3.88,1879780.0,7292516.85
"2016-11-16",3.845,3.955,3.792,3.843,3062001.0,11801366.79
"2016-11-15",3.856,3.856,3.66,3.825,4498035.0,16993611.94
"2016-11-14",4.055,4.077,3.96,3.96,2578116.0,10293091.55
"2016-11-11",4.099,4.133,3.995,4.012,1752649.0,7074141.57
"2016-11-10",4.061,4.17,4.05,4.102,5834253.0,24013007.81
"2016-11-09",3.8,4.03,3.76,4.03,3846027.0,15079043.96
"2016-11-08",3.991,4.042,3.943,3.99,1832885.0,7318111.83
"2016-11-07",3.942,4.042,3.904,4.006,2958427.0,11848235.63
"2016-11-04",3.93,3.93,3.82,3.86,3437111.0,13265211.54
"2016-11-03",3.969,4.0,3.935,3.936,2647898.0,10486279.5
"2016-11-02",3.96,4.005,3.933,3.972,2146989.0,8528841.89
"2016-11-01",4.055,4.087,3.97,3.97,3384969.0,13574924.28
"2016-10-31",4.157,4.157,4.062,4.062,2370558.0,9699061.92
"2016-10-28",4.289,4.289,4.096,4.149,6201283.0,25925629.37
"2016-10-27",4.65,4.671,4.258,4.33,9019697.0,39330845.268
"2016-10-26",4.551,4.705,4.551,4.68,2542377.0,11784806.851
"2016-10-25",4.565,4.565,4.492,4.536,1394089.0,6306077.441
"2016-10-24",4.519,4.555,4.517,4.541,1490707.0,6768962.837
"2016-10-21",4.56,4.575,4.488,4.489,1611658.0,7264159.516
"2016-10-20",4.529,4.569,4.506,4.552,1602479.0,7278719.051
"2016-10-19",4.574,4.575,4.497,4.512,1742969.0,7873740.497
"2016-10-18",4.523,4.566,4.492,4.566,2414306.0,10959926.018
"2016-10-17",4.501,4.526,4.473,4.497,1576335.0,7099504.739
"2016-10-14",4.44,4.541,4.415,4.501,2670857.0,12010902.729
"2016-10-13",4.6,4.6,4.4,4.441,4697932.0,21042268.559
"2016-10-12",4.62,4.68,4.51,4.645,7111419.0,32934194.841
"2016-10-11",4.936,4.955,4.861,4.871,1455850.0,7139231.564
"2016-10-10",4.9,4.961,4.852,4.961,1851946.0,9126115.465
"2016-10-07",4.94,4.949,4.78,4.873,1912122.0,9256066.788
"2016-10-06",5.105,5.105,4.933,4.938,1917194.0,9531812.136
"2016-10-05",5.131,5.145,5.1,5.115,1618767.0,8285012.065
"2016-10-04",5.122,5.2,5.117,5.18,1345401.0,6954050.205
"2016-10-03",5.139,5.162,5.106,5.116,928763.0,4759033.052
"2016-09-30",5.071,5.164,5.028,5.149,1846621.0,9413557.389
"2016-09-29",5.096,5.197,5.092,5.115,1328957.0,6827824.203
"2016-09-28",5.062,5.1,5.053,5.066,1190070.0,6041140.962
"2016-09-27",5.035,5.09,4.951,5.072,2156730.0,10887620.99
"2016-09-26",5.016,5.03,4.949,4.98,1357368.0,6755118.278
"2016-09-23",5.092,5.095,5.012,5.035,1279131.0,6447064.753
"2016-09-22",4.96,5.095,4.96,5.082,1890296.0,9562141.297
"2016-09-21",4.924,4.977,4.917,4.93,1283196.0,6340836.419
"2016-09-20",4.907,4.911,4.883,4.889,905674.0,4430604.585
"2016-09-19",4.886,4.936,4.886,4.902,818721.0,4019844.253
"2016-09-16",4.839,4.883,4.776,4.827,3750803.0,18105384.236
"2016-09-15",4.852,4.899,4.786,4.882,1855078.0,9015941.662
"2016-09-14",4.948,4.948,4.865,4.871,1248607.0,6119470.106
"2016-09-13",5.0,5.025,4.915,4.915,1189980.0,5903734.607
"2016-09-12",4.998,5.022,4.902,4.962,1097099.0,5436518.952
"2016-09-09",5.132,5.149,5.078,5.085,1120381.0,5708928.553
"2016-09-08",5.195,5.197,5.075,5.128,1346496.0,6907306.982
"2016-09-07",5.135,5.199,5.079,5.199,1125512.0,5805519.216
"2016-09-06",5.097,5.135,5.081,5.099,1073995.0,5478776.603
"2016-09-05",5.15,5.179,5.085,5.085,1192983.0,6101596.471
"2016-09-02",5.033,5.144,5.004,5.135,1450022.0,7381209.975
"2016-09-01",5.053,5.113,5.005,5.018,1718650.0,8710970.938
"2016-08-31",5.128,5.187,5.041,5.044,1617028.0,8250785.164
"2016-08-30",5.081,5.143,5.081,5.127,1845892.0,9447573.982
"2016-08-29",5.053,5.081,5.015,5.055,787940.0,3976508.266
"2016-08-26",5.033,5.07,4.981,5.063,1064586.0,5358781.646
"2016-08-25",5.078,5.082,5.014,5.032,1098072.0,5531666.828
"2016-08-24",4.964,5.113,4.961,5.102,1065134.0,5409312.415
"2016-08-23",4.97,5.008,4.959,5.0,867220.0,4323767.268
"2016-08-22",4.995,5.035,4.943,4.953,640749.0,3186799.712
"2016-08-19",5.041,5.053,4.969,5.003,1369261.0,6839961.908
"2016-08-18",5.049,5.049,4.994,5.035,1008012.0,5067375.938
"2016-08-17",5.098,5.135,5.001,5.015,1400943.0,7047068.061
"2016-08-16",5.115,5.152,5.075,5.075,1817419.0,9257720.829
"2016-08-15",5.138,5.162,5.111,5.112,769034.0,3946949.552
"2016-08-12",5.083,5.149,5.083,5.13,898205.0,4605930.276
"2016-08-11",5.09,5.102,5.033,5.102,1211937.0,6163256.279
"2016-08-10",5.022,5.085,5.008,5.06,1108907.0,5612047.108
"2016-08-09",4.939,5.07,4.939,5.05,1163908.0,5837807.56
"2016-08-08",4.929,4.985,4.904,4.935,754441.0,3725029.075
"2016-08-05",4.922,5.0,4.883,4.923,1424314.0,7027323.155
"2016-08-04",4.806,5.013,4.56,4.915,3505854.0,16879991.588
"2016-08-03",4.975,4.999,4.891,4.985,1906905.0,9478208.484
"2016-08-02",5.054,5.056,4.977,4.979,1272767.0,6365889.307
"2016-08-01",5.153,5.156,5.053,5.061,1255936.0,6374411.221
"2016-07-29",5.17,5.2,5.107,5.136,1614866.0,8320053.905
"2016-07-28",5.244,5.244,5.11,5.155,1995473.0,10291487.0
"2016-07-27",5.235,5.311,5.235,5.272,1484392.0,7834288.263
"2016-07-26",5.273,5.274,5.196,5.248,1029218.0,5397065.749
"2016-07-25",5.294,5.353,5.199,5.282,1408085.0,7437750.48
"2016-07-22",5.273,5.302,5.242,5.302,1197464.0,6333857.295
"2016-07-21",5.328,5.374,5.278,5.278,1195756.0,6345277.96
"2016-07-20",5.221,5.294,5.19,5.29,1486563.0,7825485.587
"2016-07-19",5.252,5.332,5.15,5.193,1911924.0,9988065.297
"2016-07-18",5.34,5.368,5.261,5.266,1498391.0,7925556.525
"2016-07-15",5.325,5.348,5.267,5.348,1960511.0,10440629.001
"2016-07-14",5.351,5.38,5.309,5.345,1584820.0,8469058.129
"2016-07-13",5.11,5.348,5.089,5.295,2979587.0,15701357.836
"2016-07-12",5.032,5.109,5.02,5.066,1264228.0,6400806.348
"2016-07-11",4.982,5.049,4.943,5.029,1084250.0,5430482.854
"2016-07-08",4.787,4.963,4.778,4.94,1803079.0,8867027.05
"2016-07-07",4.772,4.852,4.733,4.778,2175009.0,10407157.873
"2016-07-06",4.806,4.834,4.7,4.763,2459525.0,11721619.081
"2016-07-05",4.959,4.964,4.784,4.813,1771493.0,8564400.683
"2016-07-04",5.091,5.093,4.972,4.972,993959.0,4977733.289
"2016-07-01",5.122,5.14,5.016,5.098,2208940.0,11208464.141
"2016-06-30",5.01,5.105,5.002,5.087,3390633.0,17179806.018
"2016-06-29",4.891,5.004,4.84,5.004,2320985.0,11522614.273
"2016-06-28",4.66,4.89,4.646,4.85,3918025.0,18776875.891
"2016-06-27",4.55,4.87,4.545,4.595,5921034.0,27508722.468
"2016-06-24",4.771,4.8,4.165,4.61,34780421.0,156432984.47
"2016-06-23",4.967,5.064,4.943,5.053,1878476.0,9447198.143
"2016-06-22",4.976,4.983,4.915,4.925,1693342.0,8372931.658
"2016-06-21",4.939,4.972,4.888,4.95,1361781.0,6730297.322
"2016-06-20",4.95,4.99,4.916,4.94,2749456.0,13586199.843
"2016-06-17",4.904,4.929,4.807,4.845,4527573.0,22052278.961
"2016-06-16",4.976,5.125,4.976,5.115,3722061.0,18915964.141
"2016-06-15",4.962,5.052,4.925,5.032,2885456.0,14405985.392
"2016-06-14",5.0,5.081,4.89,4.959,3040553.0,15148062.6171
"2016-06-13",4.954,5.118,4.884,5.055,2631996.0,13168968.695
"2016-06-10",5.051,5.083,4.938,4.976,3273379.0,16381817.562
"2016-06-09",5.042,5.063,4.963,5.028,1459716.0,7340877.409
"2016-06-08",5.045,5.07,5.0,5.031,1809355.0,9108933.775
"2016-06-07",5.038,5.095,5.03,5.05,1362511.0,6890812.475
"2016-06-06",5.035,5.066,5.002,5.014,1019606.0,5122409.374
"2016-06-03",5.081,5.13,5.002,5.04,1394997.0,7049914.839
"2016-06-02",5.069,5.083,5.011,5.073,1529800.0,7734912.531
"2016-06-01",5.149,5.17,5.07,5.083,2142047.0,10917064.362
"2016-05-31",5.146,5.15,5.066,5.128,1997887.0,10213353.13
"2016-05-30",5.067,5.14,5.059,5.13,881371.0,4508226.468
"2016-05-27",5.023,5.069,4.993,5.059,1697613.0,8551719.222
"2016-05-26",5.01,5.043,4.956,5.025,2484801.0,12469579.675
"2016-05-25",4.859,5.048,4.825,5.048,2479914.0,12332851.351
"2016-05-24",4.65,4.86,4.628,4.86,3176538.0,15162320.16
"2016-05-23",4.675,4.705,4.636,4.692,1766965.0,8263980.794
"2016-05-20",4.65,4.674,4.56,4.674,3824150.0,17714268.098
"2016-05-19",4.665,4.669,4.596,4.612,1895485.0,8748225.085
"2016-05-18",4.531,4.684,4.53,4.683,1940218.0,8987302.079
"2016-05-17",4.605,4.619,4.523,4.553,2437056.0,11108272.847
"2016-05-16",4.601,4.63,4.544,4.602,1224814.0,5621413.716
"2016-05-13",4.664,4.717,4.593,4.642,1815448.0,8433187.757
"2016-05-12",4.646,4.646,4.551,4.561,2187680.0,10036502.504
"2016-05-11",4.701,4.715,4.564,4.65,2677637.0,12441352.438
"2016-05-10",4.997,5.031,4.639,4.666,3958273.0,18975641.075
"2016-05-09",4.988,5.044,4.96,5.029,2230860.0,11192064.681
"2016-05-06",5.015,5.025,4.926,4.948,1739070.0,8630885.033
"2016-05-05",5.04,5.047,4.985,4.992,2094904.0,10489041.933
"2016-05-04",5.078,5.12,5.021,5.041,1945655.0,9849361.616
"2016-05-03",5.183,5.184,5.095,5.11,1840842.0,9428629.685
"2016-05-02",5.173,5.209,5.107,5.194,1560453.0,8059980.894
"2016-04-29",5.252,5.257,5.131,5.131,2394015.0,12383148.384
"2016-04-28",5.279,5.295,5.181,5.29,1805288.0,9505121.312
"2016-04-27",5.263,5.281,5.14,5.281,2207602.0,11565009.629
"2016-04-26",5.285,5.335,5.242,5.25,2267680.0,11952883.656
"2016-04-25",5.402,5.412,5.226,5.258,1707070.0,9026819.428
"2016-04-22",5.378,5.4,5.288,5.397,1856512.0,9957481.113
"2016-04-21",5.395,5.423,5.29,5.365,1640773.0,8799562.853
"2016-04-20",5.523,5.524,5.361,5.455,1717366.0,9332737.941
"2016-04-19",5.434,5.571,5.434,5.557,1604113.0,8873795.839
"2016-04-18",5.381,5.467,5.377,5.442,1574985.0,8558961.628
"2016-04-15",5.497,5.505,5.406,5.462,3819248.0,20786990.557
"2016-04-14",5.403,5.521,5.363,5.519,3193611.0,17510684.711
"2016-04-13",5.232,5.395,5.217,5.395,1938469.0,10333699.041
"2016-04-12",5.191,5.191,5.092,5.159,1713028.0,8795699.51
"2016-04-11",5.277,5.338,5.195,5.202,1668599.0,8735775.541
"2016-04-08",5.134,5.324,5.134,5.301,2383194.0,12541131.392
"2016-04-07",5.164,5.187,5.064,5.081,1608220.0,8208738.554
"2016-04-06",5.1,5.176,5.077,5.148,1792663.0,9204282.415
"2016-04-05",5.067,5.164,5.063,5.067,2614655.0,13329164.7
"2016-04-04",5.115,5.169,5.05,5.116,1876479.0,9592167.699
"2016-04-01",5.155,5.17,5.063,5.112,3643101.0,18608244.007
"2016-03-31",5.31,5.312,5.201,5.201,2102311.0,11018452.686
"2016-03-30",5.251,5.377,5.247,5.319,1662128.0,8855172.505
"2016-03-29",5.205,5.286,5.183,5.237,1412859.0,7379571.932
"2016-03-24",5.301,5.317,5.134,5.134,1581583.0,8196126.361
"2016-03-23",5.448,5.485,5.282,5.335,2414830.0,12934769.67
"2016-03-22",5.376,5.444,5.331,5.439,1788106.0,9655507.05
"2016-03-21",5.419,5.5,5.374,5.394,4320768.0,23469327.32
"2016-03-18",5.413,5.48,5.379,5.41,62556967.0,338485265.41
"2016-03-17",5.51,5.518,5.343,5.421,2921125.0,15781714.38
"2016-03-16",5.473,5.482,5.361,5.468,2797856.0,15226705.28
"2016-03-15",5.457,5.481,5.405,5.481,2394892.0,13048430.5
"2016-03-14",5.439,5.515,5.42,5.473,1883989.0,10302206.91
"2016-03-11",5.395,5.46,5.36,5.41,1650479.0,8930854.65
"2016-03-10",5.408,5.497,5.31,5.332,1940569.0,10473644.39
"2016-03-09",5.405,5.426,5.303,5.391,1364448.0,7328589.23
"2016-03-08",5.551,5.553,5.37,5.422,1938495.0,10519909.27
"2016-03-07",5.6,5.628,5.568,5.606,1320148.0,7383196.02
"2016-03-04",5.561,5.65,5.543,5.607,1224766.0,6859546.22
"2016-03-03",5.672,5.686,5.523,5.535,1142772.0,6390101.8
"2016-03-02",5.677,5.727,5.641,5.667,1037211.0,5888248.49
"2016-03-01",5.6,5.69,5.584,5.65,1211607.0,6840305.55
"2016-02-29",5.547,5.62,5.451,5.588,1761309.0,9801947.86
"2016-02-26",5.683,5.697,5.551,5.584,704524.0,3959416.72
"2016-02-25",5.542,5.63,5.47,5.63,827288.0,4612742.33
"2016-02-24",5.563,5.585,5.413,5.504,1533194.0,8411158.65
"2016-02-23",5.637,5.642,5.54,5.54,1144941.0,6389186.39
"2016-02-22",5.518,5.639,5.513,5.639,1464448.0,8183134.85
"2016-02-19",5.572,5.583,5.38,5.41,1827677.0,9965648.69
"2016-02-18",5.548,5.624,5.495,5.576,942738.0,5254859.21
"2016-02-17",5.337,5.507,5.337,5.497,1477843.0,8071348.06
"2016-02-16",5.275,5.342,5.263,5.316,1061565.0,5632496.92
"2016-02-15",5.321,5.352,5.248,5.248,1412966.0,7469449.06
"2016-02-12",5.172,5.258,5.09,5.21,1281331.0,6662888.96
"2016-02-11",5.41,5.46,5.061,5.175,2332949.0,12179833.34
"2016-02-10",5.299,5.439,5.241,5.286,1707355.0,9093838.81
"2016-02-09",5.223,5.37,5.176,5.23,1558636.0,8198011.02
"2016-02-08",5.429,5.43,5.201,5.232,2166341.0,11434120.34
"2016-02-05",5.636,5.639,5.43,5.461,1451888.0,8019719.79
"2016-02-04",5.8,5.821,5.587,5.657,1484105.0,8435616.63
"2016-02-03",5.778,5.877,5.715,5.741,1602700.0,9266758.73
"2016-02-02",5.874,5.883,5.764,5.776,2528709.0,14686206.88
"2016-02-01",6.5,6.5,5.79,5.859,5261230.0,31099941.4
"2016-01-29",6.557,6.6,6.461,6.6,1092420.0,7151224.87
"2016-01-28",6.672,6.74,6.442,6.461,1435766.0,9421649.83
"2016-01-27",6.699,6.761,6.546,6.681,1383839.0,9187472.79
"2016-01-26",6.563,6.727,6.521,6.717,1240199.0,8249653.14
"2016-01-25",6.735,6.764,6.591,6.636,840265.0,5591830.61
"2016-01-22",6.636,6.729,6.61,6.693,1674415.0,11185834.76
"2016-01-21",6.509,6.563,6.388,6.548,2616407.0,16938421.69
"2016-01-20",6.525,6.571,6.351,6.503,2512154.0,16234955.81
"2016-01-19",6.62,6.693,6.576,6.612,1946519.0,12925077.96
"2016-01-18",6.59,6.682,6.457,6.501,1614948.0,10531060.86
"2016-01-15",6.753,6.82,6.568,6.603,2470468.0,16503005.73
"2016-01-14",6.796,6.8,6.64,6.774,2877891.0,19338130.45
"2016-01-13",6.949,6.987,6.854,6.86,2071376.0,14325945.34
"2016-01-12",6.89,6.949,6.754,6.866,2727079.0,18777530.14
"2016-01-11",6.801,6.963,6.772,6.813,1763094.0,12100670.46
"2016-01-08",6.68,6.869,6.644,6.764,1978852.0,13436252.03
"2016-01-07",6.5,6.659,6.429,6.62,1567486.0,10258136.52
"2016-01-06",6.252,6.8,6.252,6.8,702042.0,4673087.65
"2016-01-05",6.7,6.7,6.6,6.65,58727.0,390519.94
"2016-01-04",6.47,6.66,6.42,6.65,62190.0,409295.06
"2015-12-31",6.45,6.67,6.45,6.59,16358.0,107232.7
"2015-12-30",6.64,6.64,6.6,6.6,2170.0,14370.55
"2015-12-29",6.58,6.65,6.54,6.65,5755.0,37921.28
"2015-12-28",6.58,6.59,6.48,6.48,24174.0,158114.41
"2015-12-24",6.6,6.67,6.6,6.63,1081.0,7171.76
"2015-12-23",6.63,6.64,6.56,6.62,7704.0,50904.85
"2015-12-22",6.57,6.68,6.49,6.68,15231.0,99396.68
"2015-12-21",6.39,6.69,6.38,6.55,9308.0,60291.37
"2015-12-18",6.38,6.43,6.31,6.31,41969.0,267905.94
"2015-12-17",6.58,6.58,6.49,6.49,19065.0,124083.4
"2015-12-16",6.37,6.53,6.37,6.48,6888.0,44203.06
"2015-12-15",6.3,6.41,6.3,6.41,1102.0,6981.28
"2015-12-14",6.42,6.46,6.31,6.32,4915.0,31292.0
"2015-12-11",6.65,6.65,6.29,6.4,8952.0,56909.16
"2015-12-10",6.55,6.59,6.44,6.5,30705.0,199827.31
"2015-12-09",6.71,6.95,6.53,6.55,30717.0,202020.46
"2015-12-08",6.78,6.78,6.68,6.75,5190.0,34878.8
"2015-12-07",7.04,7.04,6.8,6.86,7486.0,51407.78
"2015-12-04",6.98,6.98,6.78,6.85,18111.0,123573.15
"2015-12-03",7.05,7.1,6.9,6.98,19608.0,137822.03
"2015-12-02",6.97,7.15,6.97,7.07,15408.0,108479.41
"2015-12-01",6.93,7.1,6.93,7.0,26844.0,187581.22
"2015-11-30",6.9,6.9,6.8,6.82,4180.0,28524.6
"2015-11-27",6.92,6.92,6.9,6.9,1132.0,7828.04
"2015-11-26",6.84,6.94,6.84,6.93,3200.0,22152.5
"2015-11-25",6.84,6.97,6.81,6.97,15197.0,104622.36
"2015-11-24",6.93,6.93,6.78,6.78,1492.0,10211.3
"2015-11-23",6.94,6.95,6.87,6.93,8521.0,58847.32
"2015-11-20",6.8,6.93,6.8,6.93,12830.0,87620.4
"2015-11-19",6.84,6.84,6.75,6.75,2306.0,15705.88
